{"cameraMode":{"drawMode":0,"name":"Shaded","section":"Shading Mode"},"sceneLighting":false,"audioPlay":false,"sceneViewState":{"m_AlwaysRefresh":false,"showFog":true,"showSkybox":false,"showFlares":true,"showImageEffects":true,"showParticleSystems":true,"showVisualEffectGraphs":true,"m_FxEnabled":true},"in2DMode":false,"pivot":{"x":-0.017000004649162294,"y":1.6120153665542603,"z":0.48027732968330386},"rotation":{"x":0.2085060477256775,"y":0.6718251705169678,"z":-0.2057959884405136,"w":0.6803815960884094},"size":2.0695440769195558,"orthographic":false}